<?xml version="1.0" encoding="UTF-8"?>
<root>
  <item name="com.google.android.exoplayer2.source.AbstractConcatenatedTimeline int getNextWindowIndex(int, int, boolean) 1">
    <annotation name="android.support.annotation.IntDef">
      <val name="value" val="{com.google.android.exoplayer2.Player.REPEAT_MODE_OFF, com.google.android.exoplayer2.Player.REPEAT_MODE_ONE, com.google.android.exoplayer2.Player.REPEAT_MODE_ALL}" />
    </annotation>
  </item>
  <item name="com.google.android.exoplayer2.source.AbstractConcatenatedTimeline int getPreviousWindowIndex(int, int, boolean) 1">
    <annotation name="android.support.annotation.IntDef">
      <val name="value" val="{com.google.android.exoplayer2.Player.REPEAT_MODE_OFF, com.google.android.exoplayer2.Player.REPEAT_MODE_ONE, com.google.android.exoplayer2.Player.REPEAT_MODE_ALL}" />
    </annotation>
  </item>
  <item name="com.google.android.exoplayer2.source.ClippingMediaSource.IllegalClippingException IllegalClippingException(int) 0">
    <annotation name="android.support.annotation.IntDef">
      <val name="value" val="{com.google.android.exoplayer2.source.ClippingMediaSource.IllegalClippingException.REASON_INVALID_PERIOD_COUNT, com.google.android.exoplayer2.source.ClippingMediaSource.IllegalClippingException.REASON_PERIOD_OFFSET_IN_WINDOW, com.google.android.exoplayer2.source.ClippingMediaSource.IllegalClippingException.REASON_NOT_SEEKABLE_TO_START, com.google.android.exoplayer2.source.ClippingMediaSource.IllegalClippingException.REASON_START_EXCEEDS_END}" />
    </annotation>
  </item>
  <item name="com.google.android.exoplayer2.source.ClippingMediaSource.IllegalClippingException reason">
    <annotation name="android.support.annotation.IntDef">
      <val name="value" val="{com.google.android.exoplayer2.source.ClippingMediaSource.IllegalClippingException.REASON_INVALID_PERIOD_COUNT, com.google.android.exoplayer2.source.ClippingMediaSource.IllegalClippingException.REASON_PERIOD_OFFSET_IN_WINDOW, com.google.android.exoplayer2.source.ClippingMediaSource.IllegalClippingException.REASON_NOT_SEEKABLE_TO_START, com.google.android.exoplayer2.source.ClippingMediaSource.IllegalClippingException.REASON_START_EXCEEDS_END}" />
    </annotation>
  </item>
  <item name="com.google.android.exoplayer2.source.ClippingMediaSource.IllegalClippingException.Reason">
    <annotation name="android.support.annotation.IntDef">
      <val name="value" val="{com.google.android.exoplayer2.source.ClippingMediaSource.IllegalClippingException.REASON_INVALID_PERIOD_COUNT, com.google.android.exoplayer2.source.ClippingMediaSource.IllegalClippingException.REASON_PERIOD_OFFSET_IN_WINDOW, com.google.android.exoplayer2.source.ClippingMediaSource.IllegalClippingException.REASON_NOT_SEEKABLE_TO_START, com.google.android.exoplayer2.source.ClippingMediaSource.IllegalClippingException.REASON_START_EXCEEDS_END}" />
    </annotation>
  </item>
  <item name="com.google.android.exoplayer2.source.ForwardingTimeline int getNextWindowIndex(int, int, boolean) 1">
    <annotation name="android.support.annotation.IntDef">
      <val name="value" val="{com.google.android.exoplayer2.Player.REPEAT_MODE_OFF, com.google.android.exoplayer2.Player.REPEAT_MODE_ONE, com.google.android.exoplayer2.Player.REPEAT_MODE_ALL}" />
    </annotation>
  </item>
  <item name="com.google.android.exoplayer2.source.ForwardingTimeline int getPreviousWindowIndex(int, int, boolean) 1">
    <annotation name="android.support.annotation.IntDef">
      <val name="value" val="{com.google.android.exoplayer2.Player.REPEAT_MODE_OFF, com.google.android.exoplayer2.Player.REPEAT_MODE_ONE, com.google.android.exoplayer2.Player.REPEAT_MODE_ALL}" />
    </annotation>
  </item>
  <item name="com.google.android.exoplayer2.source.LoopingMediaSource.InfinitelyLoopingTimeline int getNextWindowIndex(int, int, boolean) 1">
    <annotation name="android.support.annotation.IntDef">
      <val name="value" val="{com.google.android.exoplayer2.Player.REPEAT_MODE_OFF, com.google.android.exoplayer2.Player.REPEAT_MODE_ONE, com.google.android.exoplayer2.Player.REPEAT_MODE_ALL}" />
    </annotation>
  </item>
  <item name="com.google.android.exoplayer2.source.LoopingMediaSource.InfinitelyLoopingTimeline int getPreviousWindowIndex(int, int, boolean) 1">
    <annotation name="android.support.annotation.IntDef">
      <val name="value" val="{com.google.android.exoplayer2.Player.REPEAT_MODE_OFF, com.google.android.exoplayer2.Player.REPEAT_MODE_ONE, com.google.android.exoplayer2.Player.REPEAT_MODE_ALL}" />
    </annotation>
  </item>
  <item name="com.google.android.exoplayer2.source.MergingMediaSource.IllegalMergeException IllegalMergeException(int) 0">
    <annotation name="android.support.annotation.IntDef">
      <val name="value" val="{com.google.android.exoplayer2.source.MergingMediaSource.IllegalMergeException.REASON_PERIOD_COUNT_MISMATCH}" />
    </annotation>
  </item>
  <item name="com.google.android.exoplayer2.source.MergingMediaSource.IllegalMergeException reason">
    <annotation name="android.support.annotation.IntDef">
      <val name="value" val="{com.google.android.exoplayer2.source.MergingMediaSource.IllegalMergeException.REASON_PERIOD_COUNT_MISMATCH}" />
    </annotation>
  </item>
  <item name="com.google.android.exoplayer2.source.MergingMediaSource.IllegalMergeException.Reason">
    <annotation name="android.support.annotation.IntDef">
      <val name="value" val="{com.google.android.exoplayer2.source.MergingMediaSource.IllegalMergeException.REASON_PERIOD_COUNT_MISMATCH}" />
    </annotation>
  </item>
  <item name="com.google.android.exoplayer2.source.SampleMetadataQueue void commitSample(long, int, long, int, com.google.android.exoplayer2.extractor.TrackOutput.CryptoData) 1">
    <annotation name="android.support.annotation.IntDef">
      <val name="flag" val="true" />
      <val name="value" val="{com.google.android.exoplayer2.C.BUFFER_FLAG_KEY_FRAME, com.google.android.exoplayer2.C.BUFFER_FLAG_END_OF_STREAM, com.google.android.exoplayer2.C.BUFFER_FLAG_ENCRYPTED, com.google.android.exoplayer2.C.BUFFER_FLAG_DECODE_ONLY}" />
    </annotation>
  </item>
  <item name="com.google.android.exoplayer2.source.SampleQueue void sampleMetadata(long, int, int, int, com.google.android.exoplayer2.extractor.TrackOutput.CryptoData) 1">
    <annotation name="android.support.annotation.IntDef">
      <val name="flag" val="true" />
      <val name="value" val="{com.google.android.exoplayer2.C.BUFFER_FLAG_KEY_FRAME, com.google.android.exoplayer2.C.BUFFER_FLAG_END_OF_STREAM, com.google.android.exoplayer2.C.BUFFER_FLAG_ENCRYPTED, com.google.android.exoplayer2.C.BUFFER_FLAG_DECODE_ONLY}" />
    </annotation>
  </item>
</root>

