<?xml version="1.0" encoding="UTF-8"?>
<root>
  <item name="com.google.android.exoplayer2.source.ads.AdPlaybackState.AdGroup AdGroup(int, int[], android.net.Uri[], long[]) 1">
    <annotation name="android.support.annotation.IntDef">
      <val name="value" val="{com.google.android.exoplayer2.source.ads.AdPlaybackState.AD_STATE_UNAVAILABLE, com.google.android.exoplayer2.source.ads.AdPlaybackState.AD_STATE_AVAILABLE, com.google.android.exoplayer2.source.ads.AdPlaybackState.AD_STATE_SKIPPED, com.google.android.exoplayer2.source.ads.AdPlaybackState.AD_STATE_PLAYED, com.google.android.exoplayer2.source.ads.AdPlaybackState.AD_STATE_ERROR}" />
    </annotation>
  </item>
  <item name="com.google.android.exoplayer2.source.ads.AdPlaybackState.AdGroup com.google.android.exoplayer2.source.ads.AdPlaybackState.AdGroup withAdState(int, int) 0">
    <annotation name="android.support.annotation.IntDef">
      <val name="value" val="{com.google.android.exoplayer2.source.ads.AdPlaybackState.AD_STATE_UNAVAILABLE, com.google.android.exoplayer2.source.ads.AdPlaybackState.AD_STATE_AVAILABLE, com.google.android.exoplayer2.source.ads.AdPlaybackState.AD_STATE_SKIPPED, com.google.android.exoplayer2.source.ads.AdPlaybackState.AD_STATE_PLAYED, com.google.android.exoplayer2.source.ads.AdPlaybackState.AD_STATE_ERROR}" />
    </annotation>
  </item>
  <item name="com.google.android.exoplayer2.source.ads.AdPlaybackState.AdGroup int[] copyStatesWithSpaceForAdCount(int[], int)">
    <annotation name="android.support.annotation.IntDef">
      <val name="value" val="{com.google.android.exoplayer2.source.ads.AdPlaybackState.AD_STATE_UNAVAILABLE, com.google.android.exoplayer2.source.ads.AdPlaybackState.AD_STATE_AVAILABLE, com.google.android.exoplayer2.source.ads.AdPlaybackState.AD_STATE_SKIPPED, com.google.android.exoplayer2.source.ads.AdPlaybackState.AD_STATE_PLAYED, com.google.android.exoplayer2.source.ads.AdPlaybackState.AD_STATE_ERROR}" />
    </annotation>
  </item>
  <item name="com.google.android.exoplayer2.source.ads.AdPlaybackState.AdGroup int[] copyStatesWithSpaceForAdCount(int[], int) 0">
    <annotation name="android.support.annotation.IntDef">
      <val name="value" val="{com.google.android.exoplayer2.source.ads.AdPlaybackState.AD_STATE_UNAVAILABLE, com.google.android.exoplayer2.source.ads.AdPlaybackState.AD_STATE_AVAILABLE, com.google.android.exoplayer2.source.ads.AdPlaybackState.AD_STATE_SKIPPED, com.google.android.exoplayer2.source.ads.AdPlaybackState.AD_STATE_PLAYED, com.google.android.exoplayer2.source.ads.AdPlaybackState.AD_STATE_ERROR}" />
    </annotation>
  </item>
  <item name="com.google.android.exoplayer2.source.ads.AdPlaybackState.AdGroup states">
    <annotation name="android.support.annotation.IntDef">
      <val name="value" val="{com.google.android.exoplayer2.source.ads.AdPlaybackState.AD_STATE_UNAVAILABLE, com.google.android.exoplayer2.source.ads.AdPlaybackState.AD_STATE_AVAILABLE, com.google.android.exoplayer2.source.ads.AdPlaybackState.AD_STATE_SKIPPED, com.google.android.exoplayer2.source.ads.AdPlaybackState.AD_STATE_PLAYED, com.google.android.exoplayer2.source.ads.AdPlaybackState.AD_STATE_ERROR}" />
    </annotation>
  </item>
  <item name="com.google.android.exoplayer2.source.ads.AdPlaybackState.AdState">
    <annotation name="android.support.annotation.IntDef">
      <val name="value" val="{com.google.android.exoplayer2.source.ads.AdPlaybackState.AD_STATE_UNAVAILABLE, com.google.android.exoplayer2.source.ads.AdPlaybackState.AD_STATE_AVAILABLE, com.google.android.exoplayer2.source.ads.AdPlaybackState.AD_STATE_SKIPPED, com.google.android.exoplayer2.source.ads.AdPlaybackState.AD_STATE_PLAYED, com.google.android.exoplayer2.source.ads.AdPlaybackState.AD_STATE_ERROR}" />
    </annotation>
  </item>
  <item name="com.google.android.exoplayer2.source.ads.AdsLoader void setSupportedContentTypes(int...) 0">
    <annotation name="android.support.annotation.IntDef">
      <val name="value" val="{com.google.android.exoplayer2.C.TYPE_DASH, com.google.android.exoplayer2.C.TYPE_SS, com.google.android.exoplayer2.C.TYPE_HLS, com.google.android.exoplayer2.C.TYPE_OTHER}" />
    </annotation>
  </item>
</root>

