<?xml version="1.0" encoding="UTF-8"?>
<root>
  <item name="com.viro.core.internal.font.FontConfig.Family Family(java.lang.String, com.viro.core.internal.font.FontConfig.Font[], java.lang.String, int) 3">
    <annotation name="android.support.annotation.IntDef">
      <val name="value" val="{com.viro.core.internal.font.FontConfig.Family.VARIANT_DEFAULT, com.viro.core.internal.font.FontConfig.Family.VARIANT_COMPACT, com.viro.core.internal.font.FontConfig.Family.VARIANT_ELEGANT}" />
    </annotation>
  </item>
  <item name="com.viro.core.internal.font.FontConfig.Family int getVariant()">
    <annotation name="android.support.annotation.IntDef">
      <val name="value" val="{com.viro.core.internal.font.FontConfig.Family.VARIANT_DEFAULT, com.viro.core.internal.font.FontConfig.Family.VARIANT_COMPACT, com.viro.core.internal.font.FontConfig.Family.VARIANT_ELEGANT}" />
    </annotation>
  </item>
  <item name="com.viro.core.internal.font.FontConfig.Family mVariant">
    <annotation name="android.support.annotation.IntDef">
      <val name="value" val="{com.viro.core.internal.font.FontConfig.Family.VARIANT_DEFAULT, com.viro.core.internal.font.FontConfig.Family.VARIANT_COMPACT, com.viro.core.internal.font.FontConfig.Family.VARIANT_ELEGANT}" />
    </annotation>
  </item>
  <item name="com.viro.core.internal.font.FontConfig.Family.Variant">
    <annotation name="android.support.annotation.IntDef">
      <val name="value" val="{com.viro.core.internal.font.FontConfig.Family.VARIANT_DEFAULT, com.viro.core.internal.font.FontConfig.Family.VARIANT_COMPACT, com.viro.core.internal.font.FontConfig.Family.VARIANT_ELEGANT}" />
    </annotation>
  </item>
</root>

